customer_id,signup_month,initial_plan
CUST00001,2023-01,Starter
CUST00002,2023-01,Starter
CUST00003,2023-01,Growth
CUST00004,2023-01,Growth
CUST00005,2023-01,Growth
CUST00006,2023-01,Starter
CUST00007,2023-01,Starter
CUST00008,2023-01,Starter
CUST00009,2023-01,Starter
CUST00010,2023-01,Starter
CUST00011,2023-01,Starter
CUST00012,2023-01,Starter
CUST00013,2023-01,Growth
CUST00014,2023-01,Starter
CUST00015,2023-01,Starter
CUST00016,2023-01,Starter
CUST00017,2023-01,Growth
CUST00018,2023-01,Starter
CUST00019,2023-01,Growth
CUST00020,2023-01,Growth
CUST00021,2023-01,Starter
CUST00022,2023-01,Starter
CUST00023,2023-01,Scale
CUST00024,2023-01,Starter
CUST00025,2023-01,Starter
CUST00026,2023-01,Starter
CUST00027,2023-01,Growth
CUST00028,2023-01,Growth
CUST00029,2023-01,Growth
CUST00030,2023-01,Growth
CUST00031,2023-01,Starter
CUST00032,2023-01,Scale
CUST00033,2023-01,Starter
CUST00034,2023-01,Starter
CUST00035,2023-02,Growth
CUST00036,2023-02,Growth
CUST00037,2023-02,Growth
CUST00038,2023-02,Starter
CUST00039,2023-02,Growth
CUST00040,2023-02,Starter
CUST00041,2023-02,Starter
CUST00042,2023-02,Starter
CUST00043,2023-02,Starter
CUST00044,2023-02,Starter
CUST00045,2023-02,Starter
CUST00046,2023-02,Starter
CUST00047,2023-02,Growth
CUST00048,2023-02,Starter
CUST00049,2023-02,Starter
CUST00050,2023-02,Starter
CUST00051,2023-02,Starter
CUST00052,2023-02,Scale
CUST00053,2023-02,Growth
CUST00054,2023-02,Growth
CUST00055,2023-02,Starter
CUST00056,2023-02,Growth
CUST00057,2023-02,Starter
CUST00058,2023-02,Starter
CUST00059,2023-02,Scale
CUST00060,2023-02,Growth
CUST00061,2023-02,Starter
CUST00062,2023-02,Growth
CUST00063,2023-02,Growth
CUST00064,2023-02,Growth
CUST00065,2023-02,Starter
CUST00066,2023-02,Starter
CUST00067,2023-02,Starter
CUST00068,2023-02,Starter
CUST00069,2023-02,Starter
CUST00070,2023-03,Starter
CUST00071,2023-03,Starter
CUST00072,2023-03,Scale
CUST00073,2023-03,Growth
CUST00074,2023-03,Starter
CUST00075,2023-03,Starter
CUST00076,2023-03,Starter
CUST00077,2023-03,Growth
CUST00078,2023-03,Growth
CUST00079,2023-03,Starter
CUST00080,2023-03,Growth
CUST00081,2023-03,Growth
CUST00082,2023-03,Starter
CUST00083,2023-03,Growth
CUST00084,2023-03,Starter
CUST00085,2023-03,Growth
CUST00086,2023-03,Starter
CUST00087,2023-03,Starter
CUST00088,2023-03,Starter
CUST00089,2023-03,Starter
CUST00090,2023-03,Scale
CUST00091,2023-03,Growth
CUST00092,2023-03,Growth
CUST00093,2023-03,Starter
CUST00094,2023-03,Starter
CUST00095,2023-03,Growth
CUST00096,2023-03,Scale
CUST00097,2023-03,Starter
CUST00098,2023-03,Starter
CUST00099,2023-03,Starter
CUST00100,2023-03,Growth
CUST00101,2023-03,Growth
CUST00102,2023-03,Starter
CUST00103,2023-03,Starter
CUST00104,2023-03,Starter
CUST00105,2023-04,Growth
CUST00106,2023-04,Starter
CUST00107,2023-04,Starter
CUST00108,2023-04,Scale
CUST00109,2023-04,Scale
CUST00110,2023-04,Starter
CUST00111,2023-04,Growth
CUST00112,2023-04,Starter
CUST00113,2023-04,Starter
CUST00114,2023-04,Scale
CUST00115,2023-04,Starter
CUST00116,2023-04,Starter
CUST00117,2023-04,Growth
CUST00118,2023-04,Starter
CUST00119,2023-04,Starter
CUST00120,2023-04,Starter
CUST00121,2023-04,Growth
CUST00122,2023-04,Starter
CUST00123,2023-04,Scale
CUST00124,2023-04,Starter
CUST00125,2023-04,Starter
CUST00126,2023-04,Starter
CUST00127,2023-04,Growth
CUST00128,2023-04,Starter
CUST00129,2023-04,Starter
CUST00130,2023-04,Growth
CUST00131,2023-04,Starter
CUST00132,2023-04,Starter
CUST00133,2023-04,Growth
CUST00134,2023-04,Starter
CUST00135,2023-04,Starter
CUST00136,2023-04,Starter
CUST00137,2023-04,Scale
CUST00138,2023-04,Starter
CUST00139,2023-04,Growth
CUST00140,2023-04,Starter
CUST00141,2023-05,Starter
CUST00142,2023-05,Scale
CUST00143,2023-05,Starter
CUST00144,2023-05,Scale
CUST00145,2023-05,Starter
CUST00146,2023-05,Starter
CUST00147,2023-05,Starter
CUST00148,2023-05,Growth
CUST00149,2023-05,Starter
CUST00150,2023-05,Growth
CUST00151,2023-05,Starter
CUST00152,2023-05,Starter
CUST00153,2023-05,Starter
CUST00154,2023-05,Starter
CUST00155,2023-05,Growth
CUST00156,2023-05,Starter
CUST00157,2023-05,Scale
CUST00158,2023-05,Starter
CUST00159,2023-05,Growth
CUST00160,2023-05,Growth
CUST00161,2023-05,Growth
CUST00162,2023-05,Starter
CUST00163,2023-05,Starter
CUST00164,2023-05,Growth
CUST00165,2023-05,Starter
CUST00166,2023-05,Starter
CUST00167,2023-05,Growth
CUST00168,2023-05,Growth
CUST00169,2023-06,Starter
CUST00170,2023-06,Growth
CUST00171,2023-06,Growth
CUST00172,2023-06,Growth
CUST00173,2023-06,Growth
CUST00174,2023-06,Scale
CUST00175,2023-06,Starter
CUST00176,2023-06,Starter
CUST00177,2023-06,Starter
CUST00178,2023-06,Starter
CUST00179,2023-06,Growth
CUST00180,2023-06,Starter
CUST00181,2023-06,Starter
CUST00182,2023-06,Growth
CUST00183,2023-06,Growth
CUST00184,2023-06,Starter
CUST00185,2023-06,Growth
CUST00186,2023-06,Growth
CUST00187,2023-06,Starter
CUST00188,2023-06,Growth
CUST00189,2023-06,Scale
CUST00190,2023-06,Starter
CUST00191,2023-06,Starter
CUST00192,2023-06,Starter
CUST00193,2023-06,Growth
CUST00194,2023-06,Scale
CUST00195,2023-06,Starter
CUST00196,2023-06,Growth
CUST00197,2023-06,Starter
CUST00198,2023-06,Growth
CUST00199,2023-06,Growth
CUST00200,2023-06,Starter
CUST00201,2023-06,Growth
CUST00202,2023-06,Growth
CUST00203,2023-06,Growth
CUST00204,2023-06,Starter
CUST00205,2023-06,Scale
CUST00206,2023-07,Starter
CUST00207,2023-07,Growth
CUST00208,2023-07,Starter
CUST00209,2023-07,Growth
CUST00210,2023-07,Growth
CUST00211,2023-07,Starter
CUST00212,2023-07,Starter
CUST00213,2023-07,Growth
CUST00214,2023-07,Starter
CUST00215,2023-07,Starter
CUST00216,2023-07,Starter
CUST00217,2023-07,Starter
CUST00218,2023-07,Growth
CUST00219,2023-07,Growth
CUST00220,2023-07,Starter
CUST00221,2023-07,Growth
CUST00222,2023-07,Starter
CUST00223,2023-07,Scale
CUST00224,2023-07,Growth
CUST00225,2023-07,Starter
CUST00226,2023-07,Starter
CUST00227,2023-07,Starter
CUST00228,2023-07,Starter
CUST00229,2023-07,Scale
CUST00230,2023-07,Starter
CUST00231,2023-07,Starter
CUST00232,2023-07,Scale
CUST00233,2023-07,Growth
CUST00234,2023-07,Starter
CUST00235,2023-07,Starter
CUST00236,2023-07,Starter
CUST00237,2023-07,Starter
CUST00238,2023-07,Growth
CUST00239,2023-07,Growth
CUST00240,2023-07,Growth
CUST00241,2023-07,Starter
CUST00242,2023-07,Starter
CUST00243,2023-07,Scale
CUST00244,2023-07,Starter
CUST00245,2023-08,Growth
CUST00246,2023-08,Growth
CUST00247,2023-08,Starter
CUST00248,2023-08,Starter
CUST00249,2023-08,Starter
CUST00250,2023-08,Scale
CUST00251,2023-08,Starter
CUST00252,2023-08,Starter
CUST00253,2023-08,Starter
CUST00254,2023-08,Growth
CUST00255,2023-08,Starter
CUST00256,2023-08,Starter
CUST00257,2023-08,Growth
CUST00258,2023-08,Growth
CUST00259,2023-08,Scale
CUST00260,2023-08,Starter
CUST00261,2023-08,Growth
CUST00262,2023-08,Starter
CUST00263,2023-08,Starter
CUST00264,2023-08,Starter
CUST00265,2023-08,Starter
CUST00266,2023-08,Starter
CUST00267,2023-08,Scale
CUST00268,2023-08,Starter
CUST00269,2023-08,Starter
CUST00270,2023-08,Starter
CUST00271,2023-08,Scale
CUST00272,2023-08,Growth
CUST00273,2023-08,Starter
CUST00274,2023-08,Growth
CUST00275,2023-08,Starter
CUST00276,2023-08,Scale
CUST00277,2023-08,Starter
CUST00278,2023-08,Starter
CUST00279,2023-08,Starter
CUST00280,2023-08,Starter
CUST00281,2023-08,Growth
CUST00282,2023-08,Starter
CUST00283,2023-09,Growth
CUST00284,2023-09,Growth
CUST00285,2023-09,Starter
CUST00286,2023-09,Starter
CUST00287,2023-09,Starter
CUST00288,2023-09,Starter
CUST00289,2023-09,Starter
CUST00290,2023-09,Growth
CUST00291,2023-09,Starter
CUST00292,2023-09,Growth
CUST00293,2023-09,Starter
CUST00294,2023-09,Starter
CUST00295,2023-09,Starter
CUST00296,2023-09,Starter
CUST00297,2023-09,Starter
CUST00298,2023-09,Starter
CUST00299,2023-09,Starter
CUST00300,2023-09,Starter
CUST00301,2023-09,Starter
CUST00302,2023-09,Starter
CUST00303,2023-09,Starter
CUST00304,2023-09,Starter
CUST00305,2023-09,Growth
CUST00306,2023-09,Growth
CUST00307,2023-09,Starter
CUST00308,2023-09,Starter
CUST00309,2023-09,Growth
CUST00310,2023-09,Starter
CUST00311,2023-09,Growth
CUST00312,2023-09,Growth
CUST00313,2023-09,Growth
CUST00314,2023-09,Growth
CUST00315,2023-09,Starter
CUST00316,2023-09,Starter
CUST00317,2023-09,Starter
CUST00318,2023-09,Starter
CUST00319,2023-09,Scale
CUST00320,2023-09,Growth
CUST00321,2023-09,Starter
CUST00322,2023-09,Starter
CUST00323,2023-09,Scale
CUST00324,2023-09,Starter
CUST00325,2023-09,Starter
CUST00326,2023-09,Growth
CUST00327,2023-09,Growth
CUST00328,2023-09,Growth
CUST00329,2023-09,Growth
CUST00330,2023-10,Starter
CUST00331,2023-10,Starter
CUST00332,2023-10,Starter
CUST00333,2023-10,Growth
CUST00334,2023-10,Starter
CUST00335,2023-10,Scale
CUST00336,2023-10,Growth
CUST00337,2023-10,Growth
CUST00338,2023-10,Starter
CUST00339,2023-10,Growth
CUST00340,2023-10,Starter
CUST00341,2023-10,Starter
CUST00342,2023-10,Starter
CUST00343,2023-10,Starter
CUST00344,2023-10,Starter
CUST00345,2023-10,Starter
CUST00346,2023-10,Scale
CUST00347,2023-10,Starter
CUST00348,2023-10,Growth
CUST00349,2023-10,Growth
CUST00350,2023-10,Growth
CUST00351,2023-10,Growth
CUST00352,2023-10,Starter
CUST00353,2023-10,Growth
CUST00354,2023-10,Starter
CUST00355,2023-10,Starter
CUST00356,2023-10,Growth
CUST00357,2023-10,Starter
CUST00358,2023-10,Growth
CUST00359,2023-10,Growth
CUST00360,2023-10,Starter
CUST00361,2023-10,Growth
CUST00362,2023-10,Starter
CUST00363,2023-10,Growth
CUST00364,2023-10,Starter
CUST00365,2023-10,Scale
CUST00366,2023-10,Starter
CUST00367,2023-10,Growth
CUST00368,2023-10,Growth
CUST00369,2023-10,Starter
CUST00370,2023-11,Growth
CUST00371,2023-11,Starter
CUST00372,2023-11,Starter
CUST00373,2023-11,Starter
CUST00374,2023-11,Starter
CUST00375,2023-11,Growth
CUST00376,2023-11,Starter
CUST00377,2023-11,Starter
CUST00378,2023-11,Starter
CUST00379,2023-11,Starter
CUST00380,2023-11,Growth
CUST00381,2023-11,Starter
CUST00382,2023-11,Starter
CUST00383,2023-11,Growth
CUST00384,2023-11,Starter
CUST00385,2023-11,Starter
CUST00386,2023-11,Starter
CUST00387,2023-11,Scale
CUST00388,2023-11,Growth
CUST00389,2023-11,Starter
CUST00390,2023-11,Growth
CUST00391,2023-11,Starter
CUST00392,2023-11,Growth
CUST00393,2023-11,Growth
CUST00394,2023-11,Starter
CUST00395,2023-11,Starter
CUST00396,2023-11,Starter
CUST00397,2023-11,Starter
CUST00398,2023-11,Starter
CUST00399,2023-11,Growth
CUST00400,2023-11,Starter
CUST00401,2023-11,Growth
CUST00402,2023-11,Starter
CUST00403,2023-11,Starter
CUST00404,2023-11,Starter
CUST00405,2023-11,Growth
CUST00406,2023-11,Starter
CUST00407,2023-11,Starter
CUST00408,2023-11,Starter
CUST00409,2023-11,Growth
CUST00410,2023-11,Growth
CUST00411,2023-12,Growth
CUST00412,2023-12,Growth
CUST00413,2023-12,Growth
CUST00414,2023-12,Starter
CUST00415,2023-12,Scale
CUST00416,2023-12,Starter
CUST00417,2023-12,Starter
CUST00418,2023-12,Starter
CUST00419,2023-12,Starter
CUST00420,2023-12,Scale
CUST00421,2023-12,Starter
CUST00422,2023-12,Starter
CUST00423,2023-12,Starter
CUST00424,2023-12,Growth
CUST00425,2023-12,Starter
CUST00426,2023-12,Starter
CUST00427,2023-12,Growth
CUST00428,2023-12,Starter
CUST00429,2023-12,Starter
CUST00430,2023-12,Starter
CUST00431,2023-12,Growth
CUST00432,2023-12,Starter
CUST00433,2023-12,Growth
CUST00434,2023-12,Growth
CUST00435,2023-12,Starter
CUST00436,2023-12,Starter
CUST00437,2023-12,Growth
CUST00438,2023-12,Starter
CUST00439,2023-12,Starter
CUST00440,2023-12,Starter
CUST00441,2023-12,Starter
CUST00442,2023-12,Growth
CUST00443,2023-12,Starter
CUST00444,2023-12,Growth
CUST00445,2023-12,Starter
CUST00446,2023-12,Growth
CUST00447,2023-12,Starter
CUST00448,2023-12,Starter
CUST00449,2023-12,Growth
CUST00450,2023-12,Growth
CUST00451,2024-01,Starter
CUST00452,2024-01,Growth
CUST00453,2024-01,Growth
CUST00454,2024-01,Growth
CUST00455,2024-01,Starter
CUST00456,2024-01,Growth
CUST00457,2024-01,Starter
CUST00458,2024-01,Starter
CUST00459,2024-01,Starter
CUST00460,2024-01,Starter
CUST00461,2024-01,Starter
CUST00462,2024-01,Growth
CUST00463,2024-01,Starter
CUST00464,2024-01,Scale
CUST00465,2024-01,Starter
CUST00466,2024-01,Starter
CUST00467,2024-01,Starter
CUST00468,2024-01,Growth
CUST00469,2024-01,Starter
CUST00470,2024-01,Starter
CUST00471,2024-01,Growth
CUST00472,2024-01,Starter
CUST00473,2024-01,Starter
CUST00474,2024-01,Growth
CUST00475,2024-01,Scale
CUST00476,2024-01,Starter
CUST00477,2024-01,Growth
CUST00478,2024-01,Starter
CUST00479,2024-01,Growth
CUST00480,2024-01,Growth
CUST00481,2024-01,Starter
CUST00482,2024-01,Starter
CUST00483,2024-01,Growth
CUST00484,2024-01,Starter
CUST00485,2024-01,Starter
CUST00486,2024-01,Growth
CUST00487,2024-01,Starter
CUST00488,2024-01,Starter
CUST00489,2024-01,Growth
CUST00490,2024-01,Growth
CUST00491,2024-01,Starter
CUST00492,2024-01,Starter
CUST00493,2024-01,Starter
CUST00494,2024-01,Starter
CUST00495,2024-01,Starter
CUST00496,2024-01,Growth
CUST00497,2024-01,Starter
CUST00498,2024-02,Starter
CUST00499,2024-02,Growth
CUST00500,2024-02,Starter
CUST00501,2024-02,Scale
CUST00502,2024-02,Starter
CUST00503,2024-02,Growth
CUST00504,2024-02,Starter
CUST00505,2024-02,Growth
CUST00506,2024-02,Starter
CUST00507,2024-02,Starter
CUST00508,2024-02,Starter
CUST00509,2024-02,Growth
CUST00510,2024-02,Starter
CUST00511,2024-02,Starter
CUST00512,2024-02,Starter
CUST00513,2024-02,Starter
CUST00514,2024-02,Growth
CUST00515,2024-02,Starter
CUST00516,2024-02,Starter
CUST00517,2024-02,Growth
CUST00518,2024-02,Growth
CUST00519,2024-02,Starter
CUST00520,2024-02,Growth
CUST00521,2024-02,Starter
CUST00522,2024-02,Growth
CUST00523,2024-02,Starter
CUST00524,2024-02,Starter
CUST00525,2024-02,Growth
CUST00526,2024-02,Starter
CUST00527,2024-02,Growth
CUST00528,2024-02,Starter
CUST00529,2024-02,Growth
CUST00530,2024-02,Starter
CUST00531,2024-02,Growth
CUST00532,2024-02,Growth
CUST00533,2024-02,Starter
CUST00534,2024-02,Scale
CUST00535,2024-02,Starter
CUST00536,2024-02,Starter
CUST00537,2024-02,Starter
CUST00538,2024-02,Starter
CUST00539,2024-02,Starter
CUST00540,2024-02,Starter
CUST00541,2024-02,Growth
CUST00542,2024-02,Starter
CUST00543,2024-02,Growth
CUST00544,2024-02,Growth
CUST00545,2024-02,Starter
CUST00546,2024-02,Growth
CUST00547,2024-02,Starter
CUST00548,2024-02,Starter
CUST00549,2024-03,Starter
CUST00550,2024-03,Starter
CUST00551,2024-03,Starter
CUST00552,2024-03,Growth
CUST00553,2024-03,Starter
CUST00554,2024-03,Starter
CUST00555,2024-03,Starter
CUST00556,2024-03,Growth
CUST00557,2024-03,Starter
CUST00558,2024-03,Growth
CUST00559,2024-03,Growth
CUST00560,2024-03,Starter
CUST00561,2024-03,Starter
CUST00562,2024-03,Growth
CUST00563,2024-03,Starter
CUST00564,2024-03,Starter
CUST00565,2024-03,Starter
CUST00566,2024-03,Starter
CUST00567,2024-03,Starter
CUST00568,2024-03,Starter
CUST00569,2024-03,Starter
CUST00570,2024-03,Starter
CUST00571,2024-03,Starter
CUST00572,2024-03,Growth
CUST00573,2024-03,Starter
CUST00574,2024-03,Growth
CUST00575,2024-03,Starter
CUST00576,2024-03,Growth
CUST00577,2024-03,Growth
CUST00578,2024-03,Starter
CUST00579,2024-03,Starter
CUST00580,2024-03,Starter
CUST00581,2024-03,Starter
CUST00582,2024-03,Starter
CUST00583,2024-03,Growth
CUST00584,2024-03,Growth
CUST00585,2024-03,Growth
CUST00586,2024-03,Starter
CUST00587,2024-03,Starter
CUST00588,2024-03,Starter
CUST00589,2024-03,Growth
CUST00590,2024-03,Starter
CUST00591,2024-04,Starter
CUST00592,2024-04,Starter
CUST00593,2024-04,Starter
CUST00594,2024-04,Starter
CUST00595,2024-04,Growth
CUST00596,2024-04,Growth
CUST00597,2024-04,Starter
CUST00598,2024-04,Starter
CUST00599,2024-04,Starter
CUST00600,2024-04,Starter
CUST00601,2024-04,Starter
CUST00602,2024-04,Growth
CUST00603,2024-04,Scale
CUST00604,2024-04,Starter
CUST00605,2024-04,Growth
CUST00606,2024-04,Starter
CUST00607,2024-04,Growth
CUST00608,2024-04,Scale
CUST00609,2024-04,Starter
CUST00610,2024-04,Growth
CUST00611,2024-04,Starter
CUST00612,2024-04,Starter
CUST00613,2024-04,Starter
CUST00614,2024-04,Growth
CUST00615,2024-04,Growth
CUST00616,2024-04,Growth
CUST00617,2024-04,Starter
CUST00618,2024-04,Growth
CUST00619,2024-04,Starter
CUST00620,2024-04,Growth
CUST00621,2024-04,Starter
CUST00622,2024-04,Growth
CUST00623,2024-04,Starter
CUST00624,2024-04,Starter
CUST00625,2024-04,Growth
CUST00626,2024-04,Starter
CUST00627,2024-04,Scale
CUST00628,2024-04,Starter
CUST00629,2024-04,Growth
CUST00630,2024-04,Starter
CUST00631,2024-04,Starter
CUST00632,2024-04,Growth
CUST00633,2024-04,Starter
CUST00634,2024-04,Scale
CUST00635,2024-04,Starter
CUST00636,2024-04,Starter
CUST00637,2024-04,Growth
CUST00638,2024-04,Starter
CUST00639,2024-04,Growth
CUST00640,2024-04,Growth
CUST00641,2024-04,Starter
CUST00642,2024-04,Starter
CUST00643,2024-04,Growth
CUST00644,2024-05,Growth
CUST00645,2024-05,Growth
CUST00646,2024-05,Scale
CUST00647,2024-05,Starter
CUST00648,2024-05,Starter
CUST00649,2024-05,Starter
CUST00650,2024-05,Growth
CUST00651,2024-05,Starter
CUST00652,2024-05,Starter
CUST00653,2024-05,Starter
CUST00654,2024-05,Growth
CUST00655,2024-05,Starter
CUST00656,2024-05,Starter
CUST00657,2024-05,Starter
CUST00658,2024-05,Starter
CUST00659,2024-05,Growth
CUST00660,2024-05,Starter
CUST00661,2024-05,Growth
CUST00662,2024-05,Growth
CUST00663,2024-05,Starter
CUST00664,2024-05,Starter
CUST00665,2024-05,Starter
CUST00666,2024-05,Starter
CUST00667,2024-05,Growth
CUST00668,2024-05,Growth
CUST00669,2024-05,Growth
CUST00670,2024-05,Growth
CUST00671,2024-05,Starter
CUST00672,2024-05,Growth
CUST00673,2024-05,Growth
CUST00674,2024-05,Starter
CUST00675,2024-05,Starter
CUST00676,2024-05,Growth
CUST00677,2024-05,Starter
CUST00678,2024-05,Growth
CUST00679,2024-05,Growth
CUST00680,2024-05,Starter
CUST00681,2024-05,Growth
CUST00682,2024-05,Starter
CUST00683,2024-05,Starter
CUST00684,2024-05,Starter
CUST00685,2024-05,Growth
CUST00686,2024-05,Growth
CUST00687,2024-05,Growth
CUST00688,2024-05,Starter
CUST00689,2024-05,Scale
CUST00690,2024-05,Starter
CUST00691,2024-05,Starter
CUST00692,2024-05,Scale
CUST00693,2024-05,Growth
CUST00694,2024-06,Starter
CUST00695,2024-06,Starter
CUST00696,2024-06,Starter
CUST00697,2024-06,Growth
CUST00698,2024-06,Growth
CUST00699,2024-06,Scale
CUST00700,2024-06,Starter
CUST00701,2024-06,Starter
CUST00702,2024-06,Growth
CUST00703,2024-06,Starter
CUST00704,2024-06,Starter
CUST00705,2024-06,Growth
CUST00706,2024-06,Starter
CUST00707,2024-06,Starter
CUST00708,2024-06,Starter
CUST00709,2024-06,Growth
CUST00710,2024-06,Growth
CUST00711,2024-06,Growth
CUST00712,2024-06,Growth
CUST00713,2024-06,Growth
CUST00714,2024-06,Starter
CUST00715,2024-06,Scale
CUST00716,2024-06,Growth
CUST00717,2024-06,Starter
CUST00718,2024-06,Growth
CUST00719,2024-06,Starter
CUST00720,2024-06,Scale
CUST00721,2024-06,Starter
CUST00722,2024-06,Growth
CUST00723,2024-06,Starter
CUST00724,2024-06,Growth
CUST00725,2024-06,Growth
CUST00726,2024-06,Starter
CUST00727,2024-06,Starter
CUST00728,2024-06,Starter
CUST00729,2024-06,Growth
CUST00730,2024-06,Starter
CUST00731,2024-06,Starter
CUST00732,2024-06,Starter
CUST00733,2024-06,Starter
CUST00734,2024-06,Scale
CUST00735,2024-06,Starter
CUST00736,2024-06,Starter
CUST00737,2024-06,Growth
CUST00738,2024-06,Starter
CUST00739,2024-06,Starter
CUST00740,2024-06,Starter
CUST00741,2024-06,Growth
CUST00742,2024-06,Growth
CUST00743,2024-06,Starter
CUST00744,2024-06,Starter
CUST00745,2024-07,Starter
CUST00746,2024-07,Starter
CUST00747,2024-07,Starter
CUST00748,2024-07,Starter
CUST00749,2024-07,Scale
CUST00750,2024-07,Starter
CUST00751,2024-07,Starter
CUST00752,2024-07,Starter
CUST00753,2024-07,Starter
CUST00754,2024-07,Starter
CUST00755,2024-07,Scale
CUST00756,2024-07,Starter
CUST00757,2024-07,Starter
CUST00758,2024-07,Growth
CUST00759,2024-07,Scale
CUST00760,2024-07,Growth
CUST00761,2024-07,Scale
CUST00762,2024-07,Starter
CUST00763,2024-07,Growth
CUST00764,2024-07,Growth
CUST00765,2024-07,Starter
CUST00766,2024-07,Scale
CUST00767,2024-07,Growth
CUST00768,2024-07,Growth
CUST00769,2024-07,Growth
CUST00770,2024-07,Scale
CUST00771,2024-07,Growth
CUST00772,2024-07,Growth
CUST00773,2024-07,Starter
CUST00774,2024-07,Starter
CUST00775,2024-07,Starter
CUST00776,2024-07,Scale
CUST00777,2024-07,Starter
CUST00778,2024-07,Growth
CUST00779,2024-07,Starter
CUST00780,2024-07,Growth
CUST00781,2024-07,Growth
CUST00782,2024-07,Starter
CUST00783,2024-07,Growth
CUST00784,2024-07,Starter
CUST00785,2024-07,Scale
CUST00786,2024-07,Starter
CUST00787,2024-07,Starter
CUST00788,2024-07,Growth
CUST00789,2024-07,Starter
CUST00790,2024-07,Starter
CUST00791,2024-08,Starter
CUST00792,2024-08,Starter
CUST00793,2024-08,Starter
CUST00794,2024-08,Starter
CUST00795,2024-08,Starter
CUST00796,2024-08,Growth
CUST00797,2024-08,Starter
CUST00798,2024-08,Starter
CUST00799,2024-08,Starter
CUST00800,2024-08,Starter
CUST00801,2024-08,Starter
CUST00802,2024-08,Starter
CUST00803,2024-08,Starter
CUST00804,2024-08,Starter
CUST00805,2024-08,Growth
CUST00806,2024-08,Starter
CUST00807,2024-08,Starter
CUST00808,2024-08,Growth
CUST00809,2024-08,Starter
CUST00810,2024-08,Starter
CUST00811,2024-08,Growth
CUST00812,2024-08,Starter
CUST00813,2024-08,Starter
CUST00814,2024-08,Starter
CUST00815,2024-08,Starter
CUST00816,2024-08,Starter
CUST00817,2024-08,Starter
CUST00818,2024-08,Starter
CUST00819,2024-08,Starter
CUST00820,2024-08,Growth
CUST00821,2024-08,Starter
CUST00822,2024-08,Scale
CUST00823,2024-08,Growth
CUST00824,2024-08,Starter
CUST00825,2024-08,Starter
CUST00826,2024-08,Growth
CUST00827,2024-08,Starter
CUST00828,2024-08,Starter
CUST00829,2024-08,Starter
CUST00830,2024-08,Growth
CUST00831,2024-08,Starter
CUST00832,2024-08,Scale
CUST00833,2024-08,Starter
CUST00834,2024-08,Scale
CUST00835,2024-08,Growth
CUST00836,2024-08,Starter
CUST00837,2024-08,Starter
CUST00838,2024-08,Growth
CUST00839,2024-08,Starter
CUST00840,2024-08,Starter
CUST00841,2024-08,Starter
CUST00842,2024-08,Growth
CUST00843,2024-08,Starter
CUST00844,2024-08,Scale
CUST00845,2024-08,Starter
CUST00846,2024-08,Scale
CUST00847,2024-08,Starter
CUST00848,2024-08,Starter
CUST00849,2024-08,Growth
CUST00850,2024-08,Starter
CUST00851,2024-08,Starter
CUST00852,2024-08,Growth
CUST00853,2024-08,Starter
CUST00854,2024-09,Starter
CUST00855,2024-09,Growth
CUST00856,2024-09,Growth
CUST00857,2024-09,Starter
CUST00858,2024-09,Starter
CUST00859,2024-09,Growth
CUST00860,2024-09,Growth
CUST00861,2024-09,Growth
CUST00862,2024-09,Scale
CUST00863,2024-09,Growth
CUST00864,2024-09,Starter
CUST00865,2024-09,Starter
CUST00866,2024-09,Growth
CUST00867,2024-09,Growth
CUST00868,2024-09,Growth
CUST00869,2024-09,Growth
CUST00870,2024-09,Growth
CUST00871,2024-09,Starter
CUST00872,2024-09,Starter
CUST00873,2024-09,Growth
CUST00874,2024-09,Starter
CUST00875,2024-09,Growth
CUST00876,2024-09,Scale
CUST00877,2024-09,Growth
CUST00878,2024-09,Starter
CUST00879,2024-09,Growth
CUST00880,2024-09,Growth
CUST00881,2024-09,Growth
CUST00882,2024-09,Starter
CUST00883,2024-09,Starter
CUST00884,2024-09,Growth
CUST00885,2024-09,Starter
CUST00886,2024-09,Starter
CUST00887,2024-09,Starter
CUST00888,2024-09,Growth
CUST00889,2024-09,Starter
CUST00890,2024-09,Starter
CUST00891,2024-09,Scale
CUST00892,2024-09,Growth
CUST00893,2024-09,Starter
CUST00894,2024-09,Starter
CUST00895,2024-09,Starter
CUST00896,2024-09,Growth
CUST00897,2024-09,Growth
CUST00898,2024-09,Starter
CUST00899,2024-09,Growth
CUST00900,2024-09,Growth
CUST00901,2024-09,Starter
CUST00902,2024-09,Starter
CUST00903,2024-09,Growth
CUST00904,2024-09,Scale
CUST00905,2024-09,Starter
CUST00906,2024-09,Starter
CUST00907,2024-09,Scale
CUST00908,2024-09,Growth
CUST00909,2024-09,Starter
CUST00910,2024-09,Starter
CUST00911,2024-09,Growth
CUST00912,2024-09,Starter
CUST00913,2024-09,Growth
CUST00914,2024-10,Scale
CUST00915,2024-10,Starter
CUST00916,2024-10,Growth
CUST00917,2024-10,Starter
CUST00918,2024-10,Growth
CUST00919,2024-10,Starter
CUST00920,2024-10,Starter
CUST00921,2024-10,Starter
CUST00922,2024-10,Starter
CUST00923,2024-10,Starter
CUST00924,2024-10,Starter
CUST00925,2024-10,Starter
CUST00926,2024-10,Starter
CUST00927,2024-10,Growth
CUST00928,2024-10,Growth
CUST00929,2024-10,Starter
CUST00930,2024-10,Growth
CUST00931,2024-10,Starter
CUST00932,2024-10,Starter
CUST00933,2024-10,Starter
CUST00934,2024-10,Growth
CUST00935,2024-10,Starter
CUST00936,2024-10,Growth
CUST00937,2024-10,Starter
CUST00938,2024-10,Starter
CUST00939,2024-10,Starter
CUST00940,2024-10,Growth
CUST00941,2024-10,Starter
CUST00942,2024-10,Growth
CUST00943,2024-10,Starter
CUST00944,2024-10,Growth
CUST00945,2024-10,Growth
CUST00946,2024-10,Starter
CUST00947,2024-10,Starter
CUST00948,2024-10,Starter
CUST00949,2024-10,Starter
CUST00950,2024-10,Scale
CUST00951,2024-10,Starter
CUST00952,2024-10,Growth
CUST00953,2024-10,Starter
CUST00954,2024-10,Scale
CUST00955,2024-10,Growth
CUST00956,2024-10,Growth
CUST00957,2024-10,Growth
CUST00958,2024-10,Starter
CUST00959,2024-10,Starter
CUST00960,2024-10,Starter
CUST00961,2024-10,Growth
CUST00962,2024-10,Starter
CUST00963,2024-10,Growth
CUST00964,2024-10,Starter
CUST00965,2024-10,Growth
CUST00966,2024-10,Starter
CUST00967,2024-10,Starter
CUST00968,2024-10,Growth
CUST00969,2024-10,Growth
CUST00970,2024-10,Scale
CUST00971,2024-10,Growth
CUST00972,2024-10,Growth
CUST00973,2024-10,Starter
CUST00974,2024-10,Starter
CUST00975,2024-10,Scale
CUST00976,2024-10,Starter
CUST00977,2024-10,Growth
CUST00978,2024-10,Starter
CUST00979,2024-10,Starter
CUST00980,2024-11,Starter
CUST00981,2024-11,Growth
CUST00982,2024-11,Starter
CUST00983,2024-11,Starter
CUST00984,2024-11,Scale
CUST00985,2024-11,Growth
CUST00986,2024-11,Starter
CUST00987,2024-11,Scale
CUST00988,2024-11,Starter
CUST00989,2024-11,Growth
CUST00990,2024-11,Starter
CUST00991,2024-11,Starter
CUST00992,2024-11,Scale
CUST00993,2024-11,Growth
CUST00994,2024-11,Growth
CUST00995,2024-11,Starter
CUST00996,2024-11,Starter
CUST00997,2024-11,Growth
CUST00998,2024-11,Starter
CUST00999,2024-11,Starter
CUST01000,2024-11,Starter
CUST01001,2024-11,Starter
CUST01002,2024-11,Starter
CUST01003,2024-11,Starter
CUST01004,2024-11,Starter
CUST01005,2024-11,Growth
CUST01006,2024-11,Starter
CUST01007,2024-11,Starter
CUST01008,2024-11,Starter
CUST01009,2024-11,Starter
CUST01010,2024-11,Growth
CUST01011,2024-11,Growth
CUST01012,2024-11,Growth
CUST01013,2024-11,Starter
CUST01014,2024-11,Starter
CUST01015,2024-11,Starter
CUST01016,2024-11,Scale
CUST01017,2024-11,Starter
CUST01018,2024-11,Starter
CUST01019,2024-11,Starter
CUST01020,2024-11,Starter
CUST01021,2024-11,Starter
CUST01022,2024-11,Starter
CUST01023,2024-11,Growth
CUST01024,2024-11,Growth
CUST01025,2024-11,Starter
CUST01026,2024-11,Scale
CUST01027,2024-11,Starter
CUST01028,2024-11,Starter
CUST01029,2024-11,Starter
CUST01030,2024-11,Starter
CUST01031,2024-11,Starter
CUST01032,2024-11,Growth
CUST01033,2024-11,Starter
CUST01034,2024-11,Starter
CUST01035,2024-11,Growth
CUST01036,2024-11,Starter
CUST01037,2024-11,Starter
CUST01038,2024-11,Starter
CUST01039,2024-11,Starter
CUST01040,2024-11,Starter
CUST01041,2024-11,Starter
CUST01042,2024-11,Growth
CUST01043,2024-11,Starter
CUST01044,2024-11,Starter
CUST01045,2024-11,Growth
CUST01046,2024-11,Starter
CUST01047,2024-11,Starter
CUST01048,2024-11,Starter
CUST01049,2024-12,Starter
CUST01050,2024-12,Starter
CUST01051,2024-12,Scale
CUST01052,2024-12,Growth
CUST01053,2024-12,Starter
CUST01054,2024-12,Growth
CUST01055,2024-12,Starter
CUST01056,2024-12,Growth
CUST01057,2024-12,Starter
CUST01058,2024-12,Starter
CUST01059,2024-12,Starter
CUST01060,2024-12,Growth
CUST01061,2024-12,Growth
CUST01062,2024-12,Starter
CUST01063,2024-12,Starter
CUST01064,2024-12,Starter
CUST01065,2024-12,Scale
CUST01066,2024-12,Scale
CUST01067,2024-12,Growth
CUST01068,2024-12,Growth
CUST01069,2024-12,Starter
CUST01070,2024-12,Starter
CUST01071,2024-12,Growth
CUST01072,2024-12,Starter
CUST01073,2024-12,Starter
CUST01074,2024-12,Starter
CUST01075,2024-12,Starter
CUST01076,2024-12,Scale
CUST01077,2024-12,Starter
CUST01078,2024-12,Starter
CUST01079,2024-12,Growth
CUST01080,2024-12,Starter
CUST01081,2024-12,Starter
CUST01082,2024-12,Starter
CUST01083,2024-12,Starter
CUST01084,2024-12,Starter
CUST01085,2024-12,Starter
CUST01086,2024-12,Starter
CUST01087,2024-12,Starter
CUST01088,2024-12,Growth
CUST01089,2024-12,Scale
CUST01090,2024-12,Starter
CUST01091,2024-12,Growth
CUST01092,2024-12,Growth
CUST01093,2024-12,Starter
CUST01094,2024-12,Starter
CUST01095,2024-12,Growth
CUST01096,2024-12,Starter
CUST01097,2024-12,Starter
CUST01098,2024-12,Starter
CUST01099,2024-12,Growth
CUST01100,2024-12,Starter
CUST01101,2024-12,Starter
CUST01102,2024-12,Growth
CUST01103,2024-12,Starter
CUST01104,2024-12,Starter
CUST01105,2024-12,Starter
CUST01106,2024-12,Growth
CUST01107,2024-12,Starter
CUST01108,2024-12,Growth
CUST01109,2024-12,Starter
CUST01110,2024-12,Growth
CUST01111,2024-12,Starter
CUST01112,2024-12,Starter
CUST01113,2025-01,Starter
CUST01114,2025-01,Starter
CUST01115,2025-01,Growth
CUST01116,2025-01,Growth
CUST01117,2025-01,Starter
CUST01118,2025-01,Starter
CUST01119,2025-01,Starter
CUST01120,2025-01,Starter
CUST01121,2025-01,Starter
CUST01122,2025-01,Growth
CUST01123,2025-01,Starter
CUST01124,2025-01,Starter
CUST01125,2025-01,Growth
CUST01126,2025-01,Growth
CUST01127,2025-01,Starter
CUST01128,2025-01,Growth
CUST01129,2025-01,Starter
CUST01130,2025-01,Starter
CUST01131,2025-01,Growth
CUST01132,2025-01,Growth
CUST01133,2025-01,Starter
CUST01134,2025-01,Starter
CUST01135,2025-01,Scale
CUST01136,2025-01,Growth
CUST01137,2025-01,Starter
CUST01138,2025-01,Starter
CUST01139,2025-01,Starter
CUST01140,2025-01,Starter
CUST01141,2025-01,Starter
CUST01142,2025-01,Growth
CUST01143,2025-01,Starter
CUST01144,2025-01,Growth
CUST01145,2025-01,Starter
CUST01146,2025-01,Scale
CUST01147,2025-01,Growth
CUST01148,2025-01,Starter
CUST01149,2025-01,Growth
CUST01150,2025-01,Starter
CUST01151,2025-01,Scale
CUST01152,2025-01,Starter
CUST01153,2025-01,Growth
CUST01154,2025-01,Starter
CUST01155,2025-01,Starter
CUST01156,2025-01,Scale
CUST01157,2025-01,Starter
CUST01158,2025-01,Growth
CUST01159,2025-01,Starter
CUST01160,2025-01,Starter
CUST01161,2025-01,Starter
CUST01162,2025-01,Starter
CUST01163,2025-02,Starter
CUST01164,2025-02,Scale
CUST01165,2025-02,Growth
CUST01166,2025-02,Growth
CUST01167,2025-02,Starter
CUST01168,2025-02,Starter
CUST01169,2025-02,Starter
CUST01170,2025-02,Scale
CUST01171,2025-02,Starter
CUST01172,2025-02,Growth
CUST01173,2025-02,Starter
CUST01174,2025-02,Growth
CUST01175,2025-02,Starter
CUST01176,2025-02,Starter
CUST01177,2025-02,Starter
CUST01178,2025-02,Growth
CUST01179,2025-02,Growth
CUST01180,2025-02,Starter
CUST01181,2025-02,Growth
CUST01182,2025-02,Scale
CUST01183,2025-02,Starter
CUST01184,2025-02,Growth
CUST01185,2025-02,Starter
CUST01186,2025-02,Starter
CUST01187,2025-02,Starter
CUST01188,2025-02,Growth
CUST01189,2025-02,Growth
CUST01190,2025-02,Growth
CUST01191,2025-02,Starter
CUST01192,2025-02,Growth
CUST01193,2025-02,Growth
CUST01194,2025-02,Starter
CUST01195,2025-02,Growth
CUST01196,2025-02,Starter
CUST01197,2025-02,Starter
CUST01198,2025-02,Growth
CUST01199,2025-02,Starter
CUST01200,2025-02,Growth
CUST01201,2025-02,Growth
CUST01202,2025-02,Starter
CUST01203,2025-02,Starter
CUST01204,2025-02,Growth
CUST01205,2025-02,Starter
CUST01206,2025-02,Growth
CUST01207,2025-02,Starter
CUST01208,2025-02,Starter
CUST01209,2025-02,Growth
CUST01210,2025-02,Starter
CUST01211,2025-02,Scale
CUST01212,2025-02,Starter
CUST01213,2025-02,Starter
CUST01214,2025-02,Starter
CUST01215,2025-02,Starter
CUST01216,2025-02,Starter
CUST01217,2025-02,Starter
CUST01218,2025-02,Scale
CUST01219,2025-02,Growth
CUST01220,2025-02,Scale
CUST01221,2025-02,Starter
CUST01222,2025-02,Growth
CUST01223,2025-02,Starter
CUST01224,2025-02,Starter
CUST01225,2025-02,Growth
CUST01226,2025-02,Starter
CUST01227,2025-02,Starter
CUST01228,2025-02,Starter
CUST01229,2025-02,Starter
CUST01230,2025-02,Scale
CUST01231,2025-02,Growth
CUST01232,2025-02,Starter
CUST01233,2025-03,Starter
CUST01234,2025-03,Scale
CUST01235,2025-03,Starter
CUST01236,2025-03,Starter
CUST01237,2025-03,Starter
CUST01238,2025-03,Starter
CUST01239,2025-03,Starter
CUST01240,2025-03,Growth
CUST01241,2025-03,Starter
CUST01242,2025-03,Starter
CUST01243,2025-03,Starter
CUST01244,2025-03,Starter
CUST01245,2025-03,Starter
CUST01246,2025-03,Scale
CUST01247,2025-03,Starter
CUST01248,2025-03,Starter
CUST01249,2025-03,Growth
CUST01250,2025-03,Starter
CUST01251,2025-03,Growth
CUST01252,2025-03,Starter
CUST01253,2025-03,Starter
CUST01254,2025-03,Starter
CUST01255,2025-03,Scale
CUST01256,2025-03,Starter
CUST01257,2025-03,Starter
CUST01258,2025-03,Growth
CUST01259,2025-03,Starter
CUST01260,2025-03,Scale
CUST01261,2025-03,Starter
CUST01262,2025-03,Starter
CUST01263,2025-03,Growth
CUST01264,2025-03,Starter
CUST01265,2025-03,Growth
CUST01266,2025-03,Starter
CUST01267,2025-03,Starter
CUST01268,2025-03,Starter
CUST01269,2025-03,Starter
CUST01270,2025-03,Starter
CUST01271,2025-03,Starter
CUST01272,2025-03,Growth
CUST01273,2025-03,Starter
CUST01274,2025-03,Starter
CUST01275,2025-03,Starter
CUST01276,2025-03,Starter
CUST01277,2025-03,Scale
CUST01278,2025-03,Growth
CUST01279,2025-03,Growth
CUST01280,2025-03,Scale
CUST01281,2025-03,Starter
CUST01282,2025-03,Starter
CUST01283,2025-03,Starter
CUST01284,2025-03,Scale
CUST01285,2025-04,Starter
CUST01286,2025-04,Starter
CUST01287,2025-04,Starter
CUST01288,2025-04,Starter
CUST01289,2025-04,Growth
CUST01290,2025-04,Scale
CUST01291,2025-04,Growth
CUST01292,2025-04,Starter
CUST01293,2025-04,Starter
CUST01294,2025-04,Starter
CUST01295,2025-04,Growth
CUST01296,2025-04,Growth
CUST01297,2025-04,Starter
CUST01298,2025-04,Growth
CUST01299,2025-04,Starter
CUST01300,2025-04,Starter
CUST01301,2025-04,Growth
CUST01302,2025-04,Starter
CUST01303,2025-04,Starter
CUST01304,2025-04,Starter
CUST01305,2025-04,Starter
CUST01306,2025-04,Growth
CUST01307,2025-04,Scale
CUST01308,2025-04,Starter
CUST01309,2025-04,Starter
CUST01310,2025-04,Growth
CUST01311,2025-04,Starter
CUST01312,2025-04,Growth
CUST01313,2025-04,Growth
CUST01314,2025-04,Growth
CUST01315,2025-04,Growth
CUST01316,2025-04,Starter
CUST01317,2025-04,Starter
CUST01318,2025-04,Scale
CUST01319,2025-04,Starter
CUST01320,2025-04,Growth
CUST01321,2025-04,Growth
CUST01322,2025-04,Starter
CUST01323,2025-04,Starter
CUST01324,2025-04,Starter
CUST01325,2025-04,Growth
CUST01326,2025-04,Growth
CUST01327,2025-04,Starter
CUST01328,2025-04,Growth
CUST01329,2025-04,Growth
CUST01330,2025-04,Growth
CUST01331,2025-04,Starter
CUST01332,2025-04,Growth
CUST01333,2025-04,Starter
CUST01334,2025-04,Growth
CUST01335,2025-04,Starter
CUST01336,2025-04,Growth
CUST01337,2025-04,Growth
CUST01338,2025-04,Starter
CUST01339,2025-04,Scale
CUST01340,2025-04,Starter
CUST01341,2025-04,Scale
CUST01342,2025-04,Starter
CUST01343,2025-04,Starter
CUST01344,2025-04,Starter
CUST01345,2025-04,Starter
CUST01346,2025-04,Growth
CUST01347,2025-04,Growth
CUST01348,2025-05,Starter
CUST01349,2025-05,Starter
CUST01350,2025-05,Starter
CUST01351,2025-05,Growth
CUST01352,2025-05,Starter
CUST01353,2025-05,Starter
CUST01354,2025-05,Growth
CUST01355,2025-05,Starter
CUST01356,2025-05,Starter
CUST01357,2025-05,Starter
CUST01358,2025-05,Starter
CUST01359,2025-05,Starter
CUST01360,2025-05,Starter
CUST01361,2025-05,Starter
CUST01362,2025-05,Starter
CUST01363,2025-05,Starter
CUST01364,2025-05,Starter
CUST01365,2025-05,Starter
CUST01366,2025-05,Starter
CUST01367,2025-05,Starter
CUST01368,2025-05,Growth
CUST01369,2025-05,Starter
CUST01370,2025-05,Growth
CUST01371,2025-05,Growth
CUST01372,2025-05,Growth
CUST01373,2025-05,Starter
CUST01374,2025-05,Starter
CUST01375,2025-05,Starter
CUST01376,2025-05,Growth
CUST01377,2025-05,Growth
CUST01378,2025-05,Starter
CUST01379,2025-05,Scale
CUST01380,2025-05,Growth
CUST01381,2025-05,Growth
CUST01382,2025-05,Starter
CUST01383,2025-05,Starter
CUST01384,2025-05,Starter
CUST01385,2025-05,Starter
CUST01386,2025-05,Starter
CUST01387,2025-05,Starter
CUST01388,2025-05,Scale
CUST01389,2025-05,Growth
CUST01390,2025-05,Growth
CUST01391,2025-05,Growth
CUST01392,2025-05,Growth
CUST01393,2025-05,Growth
CUST01394,2025-05,Scale
CUST01395,2025-05,Starter
CUST01396,2025-05,Growth
CUST01397,2025-05,Starter
CUST01398,2025-05,Growth
CUST01399,2025-05,Starter
CUST01400,2025-05,Scale
CUST01401,2025-05,Starter
CUST01402,2025-05,Growth
CUST01403,2025-05,Starter
CUST01404,2025-05,Scale
CUST01405,2025-05,Starter
CUST01406,2025-05,Starter
CUST01407,2025-05,Growth
CUST01408,2025-05,Starter
CUST01409,2025-05,Starter
CUST01410,2025-05,Starter
CUST01411,2025-05,Starter
CUST01412,2025-05,Growth
CUST01413,2025-05,Starter
CUST01414,2025-05,Growth
CUST01415,2025-05,Growth
CUST01416,2025-05,Growth
CUST01417,2025-05,Starter
CUST01418,2025-05,Growth
CUST01419,2025-05,Starter
CUST01420,2025-05,Starter
CUST01421,2025-05,Growth
CUST01422,2025-05,Starter
CUST01423,2025-05,Growth
CUST01424,2025-06,Starter
CUST01425,2025-06,Starter
CUST01426,2025-06,Starter
CUST01427,2025-06,Starter
CUST01428,2025-06,Starter
CUST01429,2025-06,Scale
CUST01430,2025-06,Starter
CUST01431,2025-06,Starter
CUST01432,2025-06,Starter
CUST01433,2025-06,Scale
CUST01434,2025-06,Starter
CUST01435,2025-06,Growth
CUST01436,2025-06,Starter
CUST01437,2025-06,Growth
CUST01438,2025-06,Growth
CUST01439,2025-06,Starter
CUST01440,2025-06,Growth
CUST01441,2025-06,Growth
CUST01442,2025-06,Growth
CUST01443,2025-06,Starter
CUST01444,2025-06,Starter
CUST01445,2025-06,Growth
CUST01446,2025-06,Starter
CUST01447,2025-06,Growth
CUST01448,2025-06,Growth
CUST01449,2025-06,Starter
CUST01450,2025-06,Starter
CUST01451,2025-06,Growth
CUST01452,2025-06,Growth
CUST01453,2025-06,Growth
CUST01454,2025-06,Starter
CUST01455,2025-06,Starter
CUST01456,2025-06,Starter
CUST01457,2025-06,Starter
CUST01458,2025-06,Starter
CUST01459,2025-06,Starter
CUST01460,2025-06,Starter
CUST01461,2025-06,Starter
CUST01462,2025-06,Starter
CUST01463,2025-06,Growth
CUST01464,2025-06,Growth
CUST01465,2025-06,Starter
CUST01466,2025-06,Growth
CUST01467,2025-06,Growth
CUST01468,2025-06,Growth
CUST01469,2025-06,Growth
CUST01470,2025-06,Scale
CUST01471,2025-06,Starter
CUST01472,2025-06,Scale
CUST01473,2025-06,Starter
CUST01474,2025-06,Growth
CUST01475,2025-06,Growth
CUST01476,2025-06,Starter
CUST01477,2025-06,Starter
CUST01478,2025-06,Starter
CUST01479,2025-06,Growth
CUST01480,2025-06,Starter
CUST01481,2025-06,Starter
CUST01482,2025-06,Starter
CUST01483,2025-06,Starter
CUST01484,2025-06,Growth
CUST01485,2025-06,Scale
CUST01486,2025-06,Starter
CUST01487,2025-06,Starter
CUST01488,2025-06,Starter
CUST01489,2025-06,Scale
CUST01490,2025-06,Growth
CUST01491,2025-06,Starter
CUST01492,2025-06,Growth
CUST01493,2025-06,Growth
CUST01494,2025-06,Starter
CUST01495,2025-06,Growth
CUST01496,2025-06,Starter
CUST01497,2025-07,Starter
CUST01498,2025-07,Starter
CUST01499,2025-07,Starter
CUST01500,2025-07,Growth
CUST01501,2025-07,Starter
CUST01502,2025-07,Starter
CUST01503,2025-07,Starter
CUST01504,2025-07,Scale
CUST01505,2025-07,Growth
CUST01506,2025-07,Starter
CUST01507,2025-07,Growth
CUST01508,2025-07,Growth
CUST01509,2025-07,Growth
CUST01510,2025-07,Growth
CUST01511,2025-07,Starter
CUST01512,2025-07,Starter
CUST01513,2025-07,Starter
CUST01514,2025-07,Growth
CUST01515,2025-07,Growth
CUST01516,2025-07,Growth
CUST01517,2025-07,Starter
CUST01518,2025-07,Growth
CUST01519,2025-07,Starter
CUST01520,2025-07,Starter
CUST01521,2025-07,Scale
CUST01522,2025-07,Growth
CUST01523,2025-07,Growth
CUST01524,2025-07,Starter
CUST01525,2025-07,Starter
CUST01526,2025-07,Starter
CUST01527,2025-07,Starter
CUST01528,2025-07,Growth
CUST01529,2025-07,Growth
CUST01530,2025-07,Growth
CUST01531,2025-07,Growth
CUST01532,2025-07,Growth
CUST01533,2025-07,Growth
CUST01534,2025-07,Starter
CUST01535,2025-07,Starter
CUST01536,2025-07,Growth
CUST01537,2025-07,Growth
CUST01538,2025-07,Starter
CUST01539,2025-07,Starter
CUST01540,2025-07,Starter
CUST01541,2025-07,Starter
CUST01542,2025-07,Starter
CUST01543,2025-07,Starter
CUST01544,2025-07,Scale
CUST01545,2025-07,Scale
CUST01546,2025-07,Growth
CUST01547,2025-07,Growth
CUST01548,2025-07,Growth
CUST01549,2025-07,Starter
CUST01550,2025-07,Starter
CUST01551,2025-07,Growth
CUST01552,2025-07,Starter
CUST01553,2025-07,Starter
CUST01554,2025-07,Starter
CUST01555,2025-07,Starter
CUST01556,2025-07,Growth
CUST01557,2025-07,Growth
CUST01558,2025-07,Starter
CUST01559,2025-07,Starter
CUST01560,2025-07,Growth
CUST01561,2025-07,Growth
CUST01562,2025-07,Starter
CUST01563,2025-07,Starter
CUST01564,2025-07,Starter
CUST01565,2025-07,Scale
CUST01566,2025-07,Starter
CUST01567,2025-07,Starter
CUST01568,2025-07,Starter
CUST01569,2025-07,Growth
CUST01570,2025-07,Starter
CUST01571,2025-07,Growth
CUST01572,2025-07,Starter
CUST01573,2025-07,Growth
CUST01574,2025-07,Growth
CUST01575,2025-07,Growth
CUST01576,2025-07,Growth
CUST01577,2025-07,Starter
CUST01578,2025-08,Starter
CUST01579,2025-08,Starter
CUST01580,2025-08,Starter
CUST01581,2025-08,Starter
CUST01582,2025-08,Starter
CUST01583,2025-08,Starter
CUST01584,2025-08,Starter
CUST01585,2025-08,Starter
CUST01586,2025-08,Growth
CUST01587,2025-08,Starter
CUST01588,2025-08,Starter
CUST01589,2025-08,Growth
CUST01590,2025-08,Growth
CUST01591,2025-08,Starter
CUST01592,2025-08,Growth
CUST01593,2025-08,Starter
CUST01594,2025-08,Scale
CUST01595,2025-08,Starter
CUST01596,2025-08,Starter
CUST01597,2025-08,Starter
CUST01598,2025-08,Starter
CUST01599,2025-08,Starter
CUST01600,2025-08,Starter
CUST01601,2025-08,Starter
CUST01602,2025-08,Starter
CUST01603,2025-08,Scale
CUST01604,2025-08,Growth
CUST01605,2025-08,Starter
CUST01606,2025-08,Starter
CUST01607,2025-08,Growth
CUST01608,2025-08,Starter
CUST01609,2025-08,Growth
CUST01610,2025-08,Starter
CUST01611,2025-08,Starter
CUST01612,2025-08,Growth
CUST01613,2025-08,Growth
CUST01614,2025-08,Growth
CUST01615,2025-08,Starter
CUST01616,2025-08,Starter
CUST01617,2025-08,Growth
CUST01618,2025-08,Starter
CUST01619,2025-08,Starter
CUST01620,2025-08,Starter
CUST01621,2025-08,Growth
CUST01622,2025-08,Starter
CUST01623,2025-08,Starter
CUST01624,2025-08,Growth
CUST01625,2025-08,Starter
CUST01626,2025-08,Starter
CUST01627,2025-08,Growth
CUST01628,2025-08,Starter
CUST01629,2025-08,Growth
CUST01630,2025-08,Growth
CUST01631,2025-08,Starter
CUST01632,2025-08,Starter
CUST01633,2025-08,Starter
CUST01634,2025-08,Growth
CUST01635,2025-08,Starter
CUST01636,2025-08,Starter
CUST01637,2025-08,Starter
CUST01638,2025-08,Starter
CUST01639,2025-08,Growth
CUST01640,2025-08,Starter
CUST01641,2025-08,Starter
CUST01642,2025-08,Growth
CUST01643,2025-08,Starter
CUST01644,2025-08,Starter
CUST01645,2025-08,Starter
CUST01646,2025-08,Scale
CUST01647,2025-08,Starter
CUST01648,2025-08,Growth
CUST01649,2025-08,Growth
CUST01650,2025-08,Starter
CUST01651,2025-08,Starter
CUST01652,2025-08,Starter
CUST01653,2025-08,Growth
CUST01654,2025-08,Starter
CUST01655,2025-08,Growth
CUST01656,2025-08,Starter
CUST01657,2025-08,Scale
CUST01658,2025-08,Growth
CUST01659,2025-08,Starter
CUST01660,2025-08,Growth
CUST01661,2025-08,Scale
CUST01662,2025-08,Starter
CUST01663,2025-08,Starter
CUST01664,2025-08,Starter
CUST01665,2025-09,Starter
CUST01666,2025-09,Scale
CUST01667,2025-09,Scale
CUST01668,2025-09,Starter
CUST01669,2025-09,Growth
CUST01670,2025-09,Starter
CUST01671,2025-09,Starter
CUST01672,2025-09,Starter
CUST01673,2025-09,Scale
CUST01674,2025-09,Starter
CUST01675,2025-09,Starter
CUST01676,2025-09,Starter
CUST01677,2025-09,Starter
CUST01678,2025-09,Starter
CUST01679,2025-09,Starter
CUST01680,2025-09,Growth
CUST01681,2025-09,Starter
CUST01682,2025-09,Starter
CUST01683,2025-09,Starter
CUST01684,2025-09,Growth
CUST01685,2025-09,Starter
CUST01686,2025-09,Starter
CUST01687,2025-09,Starter
CUST01688,2025-09,Starter
CUST01689,2025-09,Starter
CUST01690,2025-09,Growth
CUST01691,2025-09,Growth
CUST01692,2025-09,Starter
CUST01693,2025-09,Growth
CUST01694,2025-09,Starter
CUST01695,2025-09,Starter
CUST01696,2025-09,Starter
CUST01697,2025-09,Starter
CUST01698,2025-09,Growth
CUST01699,2025-09,Starter
CUST01700,2025-09,Starter
CUST01701,2025-09,Growth
CUST01702,2025-09,Scale
CUST01703,2025-09,Starter
CUST01704,2025-09,Growth
CUST01705,2025-09,Growth
CUST01706,2025-09,Growth
CUST01707,2025-09,Growth
CUST01708,2025-09,Growth
CUST01709,2025-09,Starter
CUST01710,2025-09,Scale
CUST01711,2025-09,Starter
CUST01712,2025-09,Starter
CUST01713,2025-09,Growth
CUST01714,2025-09,Growth
CUST01715,2025-09,Starter
CUST01716,2025-09,Growth
CUST01717,2025-09,Starter
CUST01718,2025-09,Starter
CUST01719,2025-09,Starter
CUST01720,2025-09,Growth
CUST01721,2025-09,Starter
CUST01722,2025-09,Starter
CUST01723,2025-09,Growth
CUST01724,2025-09,Starter
CUST01725,2025-09,Starter
CUST01726,2025-09,Growth
CUST01727,2025-09,Growth
CUST01728,2025-09,Growth
CUST01729,2025-09,Starter
CUST01730,2025-09,Growth
CUST01731,2025-09,Starter
CUST01732,2025-09,Growth
CUST01733,2025-09,Growth
CUST01734,2025-09,Growth
CUST01735,2025-09,Starter
CUST01736,2025-10,Scale
CUST01737,2025-10,Growth
CUST01738,2025-10,Starter
CUST01739,2025-10,Growth
CUST01740,2025-10,Growth
CUST01741,2025-10,Starter
CUST01742,2025-10,Growth
CUST01743,2025-10,Growth
CUST01744,2025-10,Scale
CUST01745,2025-10,Starter
CUST01746,2025-10,Starter
CUST01747,2025-10,Starter
CUST01748,2025-10,Starter
CUST01749,2025-10,Starter
CUST01750,2025-10,Growth
CUST01751,2025-10,Starter
CUST01752,2025-10,Growth
CUST01753,2025-10,Growth
CUST01754,2025-10,Starter
CUST01755,2025-10,Starter
CUST01756,2025-10,Starter
CUST01757,2025-10,Starter
CUST01758,2025-10,Starter
CUST01759,2025-10,Starter
CUST01760,2025-10,Starter
CUST01761,2025-10,Starter
CUST01762,2025-10,Starter
CUST01763,2025-10,Starter
CUST01764,2025-10,Starter
CUST01765,2025-10,Growth
CUST01766,2025-10,Starter
CUST01767,2025-10,Starter
CUST01768,2025-10,Starter
CUST01769,2025-10,Starter
CUST01770,2025-10,Starter
CUST01771,2025-10,Starter
CUST01772,2025-10,Starter
CUST01773,2025-10,Starter
CUST01774,2025-10,Starter
CUST01775,2025-10,Starter
CUST01776,2025-10,Starter
CUST01777,2025-10,Growth
CUST01778,2025-10,Starter
CUST01779,2025-10,Growth
CUST01780,2025-10,Growth
CUST01781,2025-10,Starter
CUST01782,2025-10,Starter
CUST01783,2025-10,Starter
CUST01784,2025-10,Growth
CUST01785,2025-10,Growth
CUST01786,2025-10,Growth
CUST01787,2025-10,Starter
CUST01788,2025-10,Growth
CUST01789,2025-10,Starter
CUST01790,2025-10,Starter
CUST01791,2025-10,Starter
CUST01792,2025-10,Growth
CUST01793,2025-10,Scale
CUST01794,2025-10,Growth
CUST01795,2025-10,Growth
CUST01796,2025-10,Starter
CUST01797,2025-10,Growth
CUST01798,2025-10,Scale
CUST01799,2025-10,Growth
CUST01800,2025-10,Starter
CUST01801,2025-10,Growth
CUST01802,2025-10,Starter
CUST01803,2025-10,Growth
CUST01804,2025-10,Starter
CUST01805,2025-10,Growth
CUST01806,2025-10,Starter
CUST01807,2025-10,Starter
CUST01808,2025-10,Growth
CUST01809,2025-10,Starter
CUST01810,2025-10,Starter
CUST01811,2025-10,Starter
CUST01812,2025-10,Growth
CUST01813,2025-10,Scale
CUST01814,2025-10,Scale
CUST01815,2025-10,Starter
CUST01816,2025-10,Starter
CUST01817,2025-10,Starter
CUST01818,2025-10,Growth
CUST01819,2025-11,Starter
CUST01820,2025-11,Starter
CUST01821,2025-11,Starter
CUST01822,2025-11,Growth
CUST01823,2025-11,Starter
CUST01824,2025-11,Starter
CUST01825,2025-11,Growth
CUST01826,2025-11,Growth
CUST01827,2025-11,Starter
CUST01828,2025-11,Starter
CUST01829,2025-11,Starter
CUST01830,2025-11,Starter
CUST01831,2025-11,Scale
CUST01832,2025-11,Scale
CUST01833,2025-11,Growth
CUST01834,2025-11,Growth
CUST01835,2025-11,Starter
CUST01836,2025-11,Starter
CUST01837,2025-11,Scale
CUST01838,2025-11,Starter
CUST01839,2025-11,Starter
CUST01840,2025-11,Growth
CUST01841,2025-11,Starter
CUST01842,2025-11,Starter
CUST01843,2025-11,Growth
CUST01844,2025-11,Starter
CUST01845,2025-11,Growth
CUST01846,2025-11,Growth
CUST01847,2025-11,Growth
CUST01848,2025-11,Growth
CUST01849,2025-11,Starter
CUST01850,2025-11,Starter
CUST01851,2025-11,Growth
CUST01852,2025-11,Growth
CUST01853,2025-11,Growth
CUST01854,2025-11,Starter
CUST01855,2025-11,Scale
CUST01856,2025-11,Starter
CUST01857,2025-11,Starter
CUST01858,2025-11,Growth
CUST01859,2025-11,Scale
CUST01860,2025-11,Scale
CUST01861,2025-11,Starter
CUST01862,2025-11,Starter
CUST01863,2025-11,Starter
CUST01864,2025-11,Starter
CUST01865,2025-11,Starter
CUST01866,2025-11,Starter
CUST01867,2025-11,Growth
CUST01868,2025-11,Starter
CUST01869,2025-11,Growth
CUST01870,2025-11,Starter
CUST01871,2025-11,Starter
CUST01872,2025-11,Starter
CUST01873,2025-11,Starter
CUST01874,2025-11,Starter
CUST01875,2025-11,Starter
CUST01876,2025-11,Growth
CUST01877,2025-11,Starter
CUST01878,2025-11,Starter
CUST01879,2025-11,Starter
CUST01880,2025-11,Scale
CUST01881,2025-11,Growth
CUST01882,2025-11,Growth
CUST01883,2025-11,Starter
CUST01884,2025-11,Starter
CUST01885,2025-11,Starter
CUST01886,2025-11,Scale
CUST01887,2025-11,Scale
CUST01888,2025-11,Starter
CUST01889,2025-11,Growth
CUST01890,2025-11,Growth
CUST01891,2025-11,Growth
CUST01892,2025-11,Starter
CUST01893,2025-11,Growth
CUST01894,2025-11,Growth
CUST01895,2025-11,Starter
CUST01896,2025-11,Starter
CUST01897,2025-11,Starter
CUST01898,2025-11,Growth
CUST01899,2025-11,Growth
CUST01900,2025-11,Starter
CUST01901,2025-11,Starter
CUST01902,2025-11,Starter
CUST01903,2025-11,Starter
CUST01904,2025-11,Growth
CUST01905,2025-11,Starter
CUST01906,2025-11,Starter
CUST01907,2025-11,Starter
CUST01908,2025-11,Starter
CUST01909,2025-11,Starter
CUST01910,2025-11,Starter
CUST01911,2025-11,Starter
CUST01912,2025-11,Starter
CUST01913,2025-11,Growth
CUST01914,2025-11,Growth
CUST01915,2025-11,Starter
CUST01916,2025-12,Starter
CUST01917,2025-12,Growth
CUST01918,2025-12,Starter
CUST01919,2025-12,Starter
CUST01920,2025-12,Growth
CUST01921,2025-12,Scale
CUST01922,2025-12,Starter
CUST01923,2025-12,Starter
CUST01924,2025-12,Starter
CUST01925,2025-12,Growth
CUST01926,2025-12,Starter
CUST01927,2025-12,Starter
CUST01928,2025-12,Starter
CUST01929,2025-12,Starter
CUST01930,2025-12,Growth
CUST01931,2025-12,Starter
CUST01932,2025-12,Scale
CUST01933,2025-12,Growth
CUST01934,2025-12,Starter
CUST01935,2025-12,Starter
CUST01936,2025-12,Starter
CUST01937,2025-12,Starter
CUST01938,2025-12,Starter
CUST01939,2025-12,Growth
CUST01940,2025-12,Starter
CUST01941,2025-12,Starter
CUST01942,2025-12,Starter
CUST01943,2025-12,Starter
CUST01944,2025-12,Growth
CUST01945,2025-12,Starter
CUST01946,2025-12,Scale
CUST01947,2025-12,Starter
CUST01948,2025-12,Growth
CUST01949,2025-12,Scale
CUST01950,2025-12,Scale
CUST01951,2025-12,Growth
CUST01952,2025-12,Starter
CUST01953,2025-12,Growth
CUST01954,2025-12,Growth
CUST01955,2025-12,Starter
CUST01956,2025-12,Starter
CUST01957,2025-12,Starter
CUST01958,2025-12,Growth
CUST01959,2025-12,Starter
CUST01960,2025-12,Starter
CUST01961,2025-12,Growth
CUST01962,2025-12,Starter
CUST01963,2025-12,Growth
CUST01964,2025-12,Scale
CUST01965,2025-12,Scale
CUST01966,2025-12,Growth
CUST01967,2025-12,Growth
CUST01968,2025-12,Starter
CUST01969,2025-12,Scale
CUST01970,2025-12,Starter
CUST01971,2025-12,Growth
CUST01972,2025-12,Starter
CUST01973,2025-12,Growth
CUST01974,2025-12,Starter
CUST01975,2025-12,Starter
CUST01976,2025-12,Starter
CUST01977,2025-12,Growth
CUST01978,2025-12,Starter
CUST01979,2025-12,Starter
CUST01980,2025-12,Growth
CUST01981,2025-12,Starter
CUST01982,2025-12,Starter
CUST01983,2025-12,Scale
CUST01984,2025-12,Starter
CUST01985,2025-12,Starter
CUST01986,2025-12,Starter
CUST01987,2025-12,Starter
CUST01988,2025-12,Growth
CUST01989,2025-12,Starter
CUST01990,2025-12,Growth
CUST01991,2025-12,Growth
CUST01992,2025-12,Growth
CUST01993,2025-12,Growth
CUST01994,2025-12,Growth
CUST01995,2025-12,Starter
CUST01996,2025-12,Growth
CUST01997,2025-12,Starter
CUST01998,2025-12,Scale
CUST01999,2025-12,Growth
CUST02000,2025-12,Growth
CUST02001,2025-12,Starter
CUST02002,2025-12,Starter
CUST02003,2025-12,Growth
CUST02004,2025-12,Scale
CUST02005,2025-12,Growth
CUST02006,2025-12,Growth
CUST02007,2025-12,Starter
CUST02008,2025-12,Starter
CUST02009,2025-12,Starter
